NDVI_mean,NDVI_std,LST_mean,PRECIP_mean,ETo_mean
0.3267385843609747,0.22084108473668018,26.606085534402073,2481.4470998410748,426.21992012216407
